﻿<?xml version="1.0" encoding="utf-8" ?>
<message>
  <house>
    <rooms>
      <bedrooms>
        <bedroom>
          <occupants>
            <occupant name="Johnny" gender="male"/>
          </occupants>
          <beds>
            <bed name="Single"/>
          </beds>
          <windows>
            <window size="2x4"/>
          </windows>
        </bedroom>
        <bedroom>
          <occupants>
            <occupant name="Emma"/>
          </occupants>
          <beds>
            <bed type="Single"/>
          </beds>
          <windows>
            <window size="2x4"/>
            <window size="2x4"/>
          </windows>
        </bedroom>
        <bedroom>
          <occupants>
            <occupant name="Mom"/>
            <occupant name="Dad"/>
          </occupants>
          <beds>
            <bed type="KingSize"/>
          </beds>
          <windows>
            <window size="4x4"/>
          </windows>
          <closets>
            <closet size="1x4" />
          </closets>
        </bedroom>
      </bedrooms>
      <bathrooms>
        <bathroom public="true">
          <toilet/>
          <washBin/>
          <shower/>
        </bathroom>
        <bathroom public="false">
          <toilet/>
        </bathroom>
      </bathrooms>
    </rooms>
  </house>
</message>